"","Trophic.Group_Carnivore","Trophic.Group_Herbivore","Trophic.Group_Omnivore","Feeding.Method_Filtration","Feeding.Method_Raptorial","Body.Size_L","Body.Size_M","Body.Size_S","Reproduction_Facultative.asexual","Reproduction_Obligate.sexual","Pigmentation_NO","Pigmentation_YES","Motility_Rapid","Motility_Slow"
"Big66",1,0,0,1,0,1,0,0,0,1,0,1,1,0
"Big68",1,0,0,0.0929705215419501,0.90702947845805,0.0929705215419501,0.90702947845805,0,0,1,0.90702947845805,0.0929705215419501,1,0
"Big71",1,0,0,0,1,0,1,0,0,1,1,0,1,0
"Big72",0,0,1,0,1,0,0,1,0,1,1,0,1,0
"Big77",0.237706678118961,0.0107365256602963,0.751556796220743,0.0107365256602963,0.989263474339704,0,0.237706678118961,0.762293321881039,0.0107365256602963,0.989263474339704,0.989263474339704,0.0107365256602963,0.989263474339704,0.0107365256602963
"Big91",0.0674264160962934,0,0.932573583903707,0.0522317282374077,0.947768271762592,0.0522317282374077,0.0151946878588857,0.932573583903707,0,1,0.947768271762592,0.0522317282374077,1,0
"Big92",0.182634740575707,0.0979469989317381,0.719418260492555,0.200598830072405,0.799401169927595,0.119760478129481,0.142857171881267,0.737382349989252,0.0350727364855118,0.964927263514488,0.799401169927595,0.200598830072405,0.964927263514488,0.0350727364855118
"Big94",0.00118063763980796,0.000472254949101614,0.99834710741109,0.000708382423652421,0.999291617576348,0.000708382423652421,0.000944510165257148,0.99834710741109,0.000472254949101614,0.999527745050898,0.999291617576348,0.000708382423652421,0.999527745050898,0.000472254949101614
"Big95",0,0,1,0,1,0,0,1,0,1,1,0,1,0
"Big96",0,0,1,0,1,0,0,1,0,1,1,0,1,0
"Big97",0.0817212884102836,0,0.918278711589716,0,1,0,0.0817212884102836,0.918278711589716,0,1,1,0,1,0
"Big98",0.161969269929295,0.0200018183386328,0.818028911732072,0.0200018183386328,0.979998181661367,0.0200018183386328,0.161969269929295,0.818028911732072,0.0200018183386328,0.979998181661367,0.979998181661367,0.0200018183386328,0.979998181661367,0.0200018183386328
"Big99",0.174855366654554,0.100595803670113,0.724548829675334,0.100595803670113,0.899404196329887,0.100595803670113,0.174855366654554,0.724548829675334,0.100595803670113,0.899404196329887,0.899404196329887,0.100595803670113,0.899404196329887,0.100595803670113
"Big00",0.24150268358248,0.469588550938296,0.288908765479224,0.469588550938296,0.530411449061704,0.469588550938296,0.24150268358248,0.288908765479224,0.469588550938296,0.530411449061704,0.530411449061704,0.469588550938296,0.530411449061704,0.469588550938296
"Big01",0.16931526397028,0.220271041377522,0.610413694652198,0.220271041377522,0.779728958622478,0.220271041377522,0.16931526397028,0.610413694652198,0.220271041377522,0.779728958622478,0.779728958622478,0.220271041377522,0.779728958622478,0.220271041377522
"Big02",0.0327352942035437,0.339133617465564,0.628131088330892,0.339505455477982,0.660494544522018,0.339319536759251,0.0324564155504917,0.628224047690257,0.339040658106199,0.660959341893801,0.660494544522018,0.339505455477982,0.660959341893801,0.339040658106199
"Big03",0.111155773437385,0.0650459777045869,0.823798248858029,0.0654424316147411,0.934557568385259,0.0654424316147411,0.11075931952723,0.823798248858029,0.0650459777045869,0.934954022295413,0.934557568385259,0.0654424316147411,0.934954022295413,0.0650459777045869
"Big04",0.0749004548499915,0.0869047897432528,0.838194755406756,0.0923709444132344,0.907629055586766,0.0922413590067175,0.0695992271882097,0.838159413805073,0.0869047897432528,0.913095210256747,0.907629055586766,0.0923709444132344,0.913095210256747,0.0869047897432528
"Big05",0.065904557039718,0.868039902372819,0.0660555405874632,0.933944459412537,0.0660555405874632,0.933944459412537,0,0.0660555405874632,0.868039902372819,0.131960097627181,0.0660555405874632,0.933944459412537,0.131960097627181,0.868039902372819
"Big06",0.20786516876707,0.773720349349039,0.018414481883891,0.981585518116109,0.018414481883891,0.981273408469613,0,0.0187265915303865,0.773720349349039,0.226279650650961,0.018414481883891,0.981585518116109,0.226279650650961,0.773720349349039
"Big09",0.522727272727273,0.477272727272727,0,1,0,1,0,0,0.477272727272727,0.522727272727273,0,1,0.522727272727273,0.477272727272727
"Big13",0.0786516841959749,0.917602997729596,0.00374531807442896,0.996254681925571,0.00374531807442896,0.996254681925571,0,0.00374531807442896,0.917602997729596,0.0823970022704039,0.00374531807442896,0.996254681925571,0.0823970022704039,0.917602997729596
"Big22",0.857519788964709,0.142480211035291,0,1,0,1,0,0,0.142480211035291,0.857519788964709,0,1,0.857519788964709,0.142480211035291
"Har66",0.986517947571258,0.0134820524287424,0,0.0134820524287424,0.986517947571258,2.63064437633998e-05,0.999973693556237,0,0.0134820524287424,0.986517947571258,0.986491641127494,0.0135083588725058,0.986517947571258,0.0134820524287424
"Har67",0.989217087886792,0.0107829121132085,0,0.0107829121132085,0.989217087886792,9.69250527029974e-05,0.999903074947297,0,0.0107829121132085,0.989217087886792,0.989120162834089,0.0108798371659115,0.989217087886792,0.0107829121132085
"Har72",0.92539039907461,0.0746096009253904,0,0.0746096009253904,0.92539039907461,0,1,0,0.0746096009253904,0.92539039907461,0.92539039907461,0.0746096009253904,0.92539039907461,0.0746096009253904
"Har77",0.905874026893135,0.0856334041047417,0.00849256900212314,0.0856334041047417,0.914366595895258,0,0.99174333569238,0.00825666430761972,0.0856334041047417,0.914366595895258,0.914366595895258,0.0856334041047417,0.914366595895258,0.0856334041047417
"Har96",0.258175448765301,0.035798681648644,0.706025869586055,0.035798681648644,0.964201318351356,0.000165830601661551,0.293808299812284,0.706025869586055,0.035798681648644,0.964201318351356,0.964035487749694,0.0359645122503055,0.964201318351356,0.035798681648644
"Har97",0.0802000786833166,0.0162985443705615,0.903501376946122,0.0162985443705615,0.983701455629439,1.87339629508046e-05,0.0964798890909272,0.903501376946122,0.0162985443705615,0.983701455629439,0.983682721666488,0.0163172783335123,0.983701455629439,0.0162985443705615
"Har98",0.134113653017604,0.121401602192066,0.744484744790329,0.121401602192066,0.878598397807934,0.000121356089999599,0.255396933011064,0.744481710898936,0.121401602192066,0.878598397807934,0.878477041717934,0.121522958282066,0.878598397807934,0.121401602192066
"Har99",0.124741814542494,0.0596111148617598,0.815647070595746,0.0596111148617598,0.94038888513824,0,0.184352929404254,0.815647070595746,0.0596111148617598,0.94038888513824,0.94038888513824,0.0596111148617598,0.94038888513824,0.0596111148617598
"Har01",0.0906838264498676,0.0916533814897306,0.817662792060402,0.0916533814897306,0.908346618510269,0.000544932389234199,0.181716787065268,0.817738280545498,0.0916533814897306,0.908346618510269,0.907801686121035,0.0921983138789648,0.908346618510269,0.0916533814897306
"Har02",0.0682781320980403,0.01786810465515,0.91385376324681,0.0186944555391546,0.981305544460845,0.000910297638249794,0.0852359391149405,0.91385376324681,0.0177841579009048,0.982215842099095,0.9812215977066,0.0187784022933998,0.982215842099095,0.0177841579009048
"Har03",0.0363549673043045,0.0421319491336841,0.921513083562011,0.0421319491336841,0.957868050866316,3.07832045794403e-05,0.0784739190917135,0.921495297703707,0.0421319491336841,0.957868050866316,0.957837267661736,0.0421627323382635,0.957868050866316,0.0421319491336841
"Har04",0.0371043325657301,0.0351885900084506,0.927707077425819,0.0351885900084506,0.964811409991549,0,0.0723172130255715,0.927682786974428,0.0351885900084506,0.964811409991549,0.964811409991549,0.0351885900084506,0.964811409991549,0.0351885900084506
"Har05",0.0912661258244325,0.078957162784492,0.829776711391076,0.078957162784492,0.921042837215508,6.91536701595522e-05,0.170143645357939,0.829787200971901,0.078957162784492,0.921042837215508,0.920973683545349,0.0790263164546516,0.921042837215508,0.078957162784492
"Har06",0.00741839763410028,0.232443125647072,0.760138476718827,0.232443125647072,0.767556874352928,0,0.239861523281173,0.760138476718827,0.232443125647072,0.767556874352928,0.767556874352928,0.232443125647072,0.767556874352928,0.232443125647072
"Har09",0.0198039608011108,0.125225045009907,0.854970994188982,0.125225045009907,0.874774954990093,0,0.145029005811018,0.854970994188982,0.125225045009907,0.874774954990093,0.874774954990093,0.125225045009907,0.874774954990093,0.125225045009907
"Har15",0,0.0481586089275243,0.951841391072476,0.0481586089275243,0.951841391072476,0,0.0764871781183518,0.923512821881648,0.0481586089275243,0.951841391072476,0.951841391072476,0.0481586089275243,0.951841391072476,0.0481586089275243
"Har22",0,0.331306990938134,0.668693009061866,0.331306990938134,0.668693009061866,0,0.330438558457398,0.669561441542603,0.331306990938134,0.668693009061866,0.668693009061866,0.331306990938134,0.668693009061866,0.331306990938134
"Pip66",0.909090909090909,0.0909090909090909,0,1,0,1,0,0,0.0909090909090909,0.909090909090909,0,1,0.909090909090909,0.0909090909090909
"Pip67",0.676470588235294,0,0.323529411764706,0.676470588235294,0.323529411764706,0.676470588235294,0,0.323529411764706,0,1,0.323529411764706,0.676470588235294,1,0
"Pip68",0,0,1,0,1,0,0,1,0,1,1,0,1,0
"Pip69",0,0,1,0,1,0,0,1,0,1,1,0,1,0
"Pip71",0,0.142857142857143,0.857142857142857,0.142857142857143,0.857142857142857,0,0,1,0.142857142857143,0.857142857142857,0.857142857142857,0.142857142857143,0.857142857142857,0.142857142857143
"Pip72",0,0,1,0,1,0,0,1,0,1,1,0,1,0
"Pip77",0,0.0476190476190476,0.952380952380952,0.0476190476190476,0.952380952380952,0,0,1,0.0476190476190476,0.952380952380952,0.952380952380952,0.0476190476190476,0.952380952380952,0.0476190476190476
"Pip91",0.934723866596224,0.0170656569602922,0.0482104764434835,0.951789523556516,0.0482104764434835,0.950651812481305,0,0.049348187518695,0.0170656569602922,0.982934343039708,0.0482104764434835,0.951789523556516,0.982934343039708,0.0170656569602922
"Pip92",0.939308681348209,0.0333601286612983,0.0273311899904929,0.972668810009507,0.0273311899904929,0.972668810009507,0,0.0273311899904929,0.0333601286612983,0.966639871338702,0.0273311899904929,0.972668810009507,0.966639871338702,0.0333601286612983
"Pip93",0.867924528987881,0.12633306052234,0.00574241048977922,0.994257589510221,0.00574241048977922,0.994257589510221,0,0.00574241048977922,0.12633306052234,0.87366693947766,0.00574241048977922,0.994257589510221,0.87366693947766,0.12633306052234
"Pip94",0.887775215220076,0.0152484796140157,0.0969763051659085,0.903023694834092,0.0969763051659085,0.903023694834092,0,0.0969763051659085,0.0152484796140157,0.984751520385984,0.0969763051659085,0.903023694834092,0.984751520385984,0.0152484796140157
"Pip95",0.988775259129387,0.005770514750858,0.0054542261197547,0.994545773880245,0.0054542261197547,0.994545773880245,0,0.0054542261197547,0.005770514750858,0.994229485249142,0.0054542261197547,0.994545773880245,0.994229485249142,0.005770514750858
"Pip96",0.813115113642529,0.0827096524935652,0.104175233863905,0.895824766136095,0.104175233863905,0.895824766136095,0,0.104175233863905,0.0827096524935652,0.917290347506435,0.104175233863905,0.895824766136095,0.917290347506435,0.0827096524935652
"Pip97",0.867924528387948,0.0399999994526516,0.0920754721594006,0.907924527840599,0.0920754721594006,0.907924527840599,0,0.0920754721594006,0.0399999994526516,0.960000000547348,0.0920754721594006,0.907924527840599,0.960000000547348,0.0399999994526516
"Pip98",0.688197298289726,0.263652377908215,0.0481503238020586,0.951849676197941,0.0481503238020586,0.951849676197941,0,0.0481503238020586,0.263652377908215,0.736347622091785,0.0481503238020586,0.951849676197941,0.736347622091785,0.263652377908215
"Pip99",0.850280223985637,0.0240192150825133,0.12570056093185,0.874299439068151,0.12570056093185,0.874299439068151,0,0.12570056093185,0.0240192150825133,0.975980784917487,0.12570056093185,0.874299439068151,0.975980784917487,0.0240192150825133
"Pip00",0.923159017895635,0.0539716421435989,0.0228693399607661,0.977130660039234,0.0228693399607661,0.977130660039234,0,0.0228693399607661,0.0539716421435989,0.946028357856401,0.0228693399607661,0.977130660039234,0.946028357856401,0.0539716421435989
"Pip01",0.75510962448612,0.198757764344042,0.0461326111698381,0.953867388830162,0.0461326111698381,0.953867388830162,0,0.0461326111698381,0.198757764344042,0.801242235655958,0.0461326111698381,0.953867388830162,0.801242235655958,0.198757764344042
"Pip02",0.549996700999755,0.0566284671015371,0.393374831898708,0.584750236627821,0.415249763372179,0.58351846594073,0.0231067021605622,0.393374831898708,0.0553966964144453,0.944603303585555,0.415249763372179,0.584750236627821,0.944603303585555,0.0553966964144453
"Pip03",0.766097993513069,0.219558861470214,0.0143431450167176,0.985151565381563,0.014848434618437,0.985151565381563,0.00050528960171938,0.0143431450167176,0.219558861470214,0.780441138529786,0.014848434618437,0.985151565381563,0.780441138529786,0.219558861470214
"Pip04",0.870375527921772,0.0704901205692376,0.059134351508991,0.940865648491009,0.059134351508991,0.940865648491009,0,0.059134351508991,0.0704901205692376,0.929509879430762,0.059134351508991,0.940865648491009,0.929509879430762,0.0704901205692376
"Pip05",0.542230253076444,0.450051626341171,0.00771812058238416,0.992281879417616,0.00771812058238416,0.986667527062713,0.00438822905424165,0.0089442438830458,0.44566339728693,0.55433660271307,0.00771812058238416,0.992281879417616,0.55433660271307,0.44566339728693
"Pip06",0.708747514838876,0.288767396127871,0.00248508903325376,0.997514910966746,0.00248508903325376,0.995526839139384,0.000497018207156972,0.00397614265345913,0.288270377920714,0.711729622079286,0.00248508903325376,0.997514910966746,0.711729622079286,0.288270377920714
"Pip07",0.468841761873708,0.53050570873436,0.000652529391932808,0.999347470608067,0.000652529391932808,0.999347470608067,0,0.000652529391932808,0.53050570873436,0.46949429126564,0.000652529391932808,0.999347470608067,0.46949429126564,0.53050570873436
"Pip08",0.732211869193536,0.267788130806464,0,1,0,1,0,0,0.267788130806464,0.732211869193536,0,1,0.732211869193536,0.267788130806464
"Pip09",0.903225806451613,0.0645161290322581,0.032258064516129,0.967741935483871,0.032258064516129,0.967741935483871,0,0.032258064516129,0.0645161290322581,0.935483870967742,0.032258064516129,0.967741935483871,0.935483870967742,0.0645161290322581
"Pip13",0.895470383822661,0.104529616177339,0,1,0,1,0,0,0.104529616177339,0.895470383822661,0,1,0.895470383822661,0.104529616177339
"Pip22",0.626292466738324,0.373707533261676,0,1,0,1,0,0,0.373707533261676,0.626292466738324,0,1,0.626292466738324,0.373707533261676
"Sno66",0.00761244579254504,0.992387554207455,0,1,0,0.00761244579254504,0.992387554207455,0,0.00102870889088447,0.998971291109116,0,1,0.998971291109116,0.00102870889088447
"Sno67",0.348015225600007,0.634584013544137,0.0174007608558568,0.982599239144143,0.0174007608558568,0.348015225600007,0.634584013544137,0.0174007608558568,0.00235635327998101,0.997643646720019,0.0174007608558568,0.982599239144143,0.997643646720019,0.00235635327998101
"Sno68",0.301237477814154,0.582793164603062,0.115969357582784,0.884030642417216,0.115969357582784,0.301237477814154,0.582793164603062,0.115969357582784,0.00153211534517741,0.998467884654823,0.115969357582784,0.884030642417216,0.998467884654823,0.00153211534517741
"Sno69",0.30402631372687,0.58163253213143,0.1143411541417,0.8856588458583,0.1143411541417,0.30402631372687,0.581171097424493,0.114802588848636,0.00046143470693655,0.999538565293064,0.1143411541417,0.8856588458583,0.999538565293064,0.00046143470693655
"Sno70",0.147053157675222,0.378581001668593,0.474365840656186,0.520457888093443,0.479542111906557,0.141876886424851,0.374103233193667,0.484019880381483,0.00965403972529681,0.990345960274703,0.479542111906557,0.520457888093443,0.990345960274703,0.00965403972529681
"Sno71",0.2807640477857,0.0497025316769802,0.669533420537319,0.307997881909434,0.692002118090566,0.258295350232454,0.0721712292302263,0.669533420537319,0,1,0.692002118090566,0.307997881909434,1,0
"Sno72",0.986216965262725,0.0132633871078554,0.000519647629419577,0.0132633871078554,0.986736612892145,0,0.999430862125109,0.000569137874891464,4.9490245471887e-05,0.999950509754528,0.986736612892145,0.0132633871078554,0.999950509754528,4.9490245471887e-05
"Sno73",0.992701614124345,0.0072378183580146,6.05675176402895e-05,0.0072378183580146,0.992762181641985,0,0.99993943248236,6.05675176402895e-05,0,1,0.992762181641985,0.0072378183580146,1,0
"Sno74",0.988697594953345,0.0113024050466553,0,0.0113024050466553,0.988697594953345,0,1,0,0,1,0.988697594953345,0.0113024050466553,1,0
"Sno75",0.993899843949496,0.00610015605050362,0,0.00610015605050362,0.993899843949496,0,0.999432543623209,0.000567456376791034,0.00099304865938431,0.999006951340616,0.993899843949496,0.00610015605050362,0.999006951340616,0.00099304865938431
"Sno77",0.989258861439313,0.0107411385606874,0,0.0107411385606874,0.989258861439313,0,0.997851772287863,0.00214822771213749,0.00322234156820623,0.996777658431794,0.989258861439313,0.0107411385606874,0.996777658431794,0.00322234156820623
"Sno78",0.169491525423729,0.830508474576271,0,0.830508474576271,0.169491525423729,0,1,0,0.830508474576271,0.169491525423729,0.169491525423729,0.830508474576271,0.169491525423729,0.830508474576271
"Sno79",0.984395508239755,0.015604491760245,0,0.015604491760245,0.984395508239755,0,1,0,0,1,0.984395508239755,0.015604491760245,1,0
"Sno91",0.244723666016463,0.148908338859574,0.606367995123963,0.148908338859574,0.851091661140426,0,0.393632004876037,0.606367995123963,0.14834310391331,0.85165689608669,0.851091661140426,0.148908338859574,0.85165689608669,0.14834310391331
"Sno92",0.23914425633041,0.0348520766987881,0.726003666970802,0.0348520766987881,0.965147923301212,0,0.273996333029198,0.726003666970802,0.0347361277616722,0.965263872238328,0.965147923301212,0.0348520766987881,0.965263872238328,0.0347361277616722
"Sno93",0.63440910765739,0.117651046067526,0.247939846275084,0.118753528021005,0.881246471978995,0.00110248195347973,0.750957671771436,0.247939846275084,0.117413960094437,0.882586039905563,0.881246471978995,0.118753528021005,0.882586039905563,0.117413960094437
"Sno94",0.439957901222437,0.0635583083832719,0.496483790394291,0.0659297850092021,0.934070214990798,0.0118847201601461,0.491631489445563,0.496483790394291,0.0635583083832719,0.936441691616728,0.934070214990798,0.0659297850092021,0.936441691616728,0.0635583083832719
"Sno95",0.28096591906216,0.0184444210452424,0.700589659892598,0.0316415710224281,0.968358428977572,0.0199361201783019,0.2794742199291,0.700589659892598,0.0184444210452424,0.981555578954758,0.968358428977572,0.0316415710224281,0.981555578954758,0.0184444210452424
"Sno96",0.396231012508142,0.0513362036442161,0.552432783847641,0.447242303611774,0.552757696388226,0.446836162683408,0.000731053468950176,0.552432783847641,0.0509300627158509,0.949069937284149,0.552757696388226,0.447242303611774,0.949069937284149,0.0509300627158509
"Sno97",0.84197681458702,0.0372178159097631,0.120805369503217,0.879194630496783,0.120805369503217,0.878584502631535,0.000610127865247698,0.120805369503217,0.0366076880445154,0.963392311955485,0.120805369503217,0.879194630496783,0.963392311955485,0.0366076880445154
"Sno98",0.468825911056073,0.125101214531567,0.406072874412361,0.593927125587639,0.406072874412361,0.580161943628261,0.0133603238331117,0.406477732538627,0.111740890698455,0.888259109301545,0.406072874412361,0.593927125587639,0.888259109301545,0.111740890698455
"Sno99",0.622899880739494,0.321422119379884,0.0556779998806217,0.944322000119378,0.0556779998806217,0.673302742317391,0.269574014403669,0.0571232432789399,0.0518481049762149,0.948151895023785,0.0556779998806217,0.944322000119378,0.948151895023785,0.0518481049762149
"Sno00",0.817409427137072,0.161213109145052,0.0213774637178759,0.978622536282124,0.0213774637178759,0.855774340096708,0.122848196185416,0.0213774637178759,0.0383649129596352,0.961635087040365,0.0213774637178759,0.978622536282124,0.961635087040365,0.0383649129596352
"Sno01",0.434829443528155,0.498144823438456,0.0670257330333894,0.930341113129817,0.069658886870183,0.485058846992403,0.447915419974207,0.0670257330333894,0.0528625573010423,0.947137442698958,0.069658886870183,0.930341113129817,0.947137442698958,0.0528625573010423
"Sno02",0.455475317969035,0.428633487201175,0.11589119482979,0.884089696214508,0.115910303785492,0.482937340751761,0.401171464418449,0.11589119482979,0.0274811317384284,0.972518868261572,0.115910303785492,0.884089696214508,0.972518868261572,0.0274811317384284
"Sno03",0.450129377159332,0.494842159915658,0.0550284629250108,0.944695532253321,0.0553044677466787,0.525168190478328,0.417733310269539,0.0570984992521326,0.0773848544677862,0.922615145532214,0.0553044677466787,0.944695532253321,0.922615145532214,0.0773848544677862
"Sno04",0.580632595900673,0.400358367159586,0.0190090369397407,0.980990963060259,0.0190090369397407,0.625545341373201,0.355445621687058,0.0190090369397407,0.0449127454725275,0.955087254527473,0.0190090369397407,0.980990963060259,0.955087254527473,0.0449127454725275
"Sno05",0.481115751286322,0.450376853064743,0.068507395648935,0.925502886644301,0.0744971133556993,0.514916060722031,0.416202186261446,0.0688817530165232,0.0401643845100618,0.959835615489938,0.0744971133556993,0.925502886644301,0.959835615489938,0.0401643845100618
"Sno06",0.460319377075186,0.529017115974065,0.0106635069507486,0.989336493049251,0.0106635069507486,0.549468711407212,0.439407432055015,0.0111238565377724,0.0896096839190503,0.91039031608095,0.0106635069507486,0.989336493049251,0.91039031608095,0.0896096839190503
"Sno07",0.414008321838636,0.585991678161364,0,0.96948682376621,0.0305131762337898,0.425104022146985,0.574895977853015,0,0.0416088765421383,0.958391123457862,0.0305131762337898,0.96948682376621,0.958391123457862,0.0416088765421383
"Sno08",0.325105681801912,0.674894318198088,0,1,0,0.380406486626849,0.619593513373151,0,0.0553008048249368,0.944699195175063,0,1,0.944699195175063,0.0553008048249368
"Sno09",0.709075347760128,0.290454302724268,0.000470349515604036,0.996943536085435,0.00305646391456501,0.756092178672465,0.243437471811931,0.000470349515604036,0.0496029453112975,0.950397054688703,0.00305646391456501,0.996943536085435,0.950397054688703,0.0496029453112975
"Sno13",0.912596401165204,0.0874035988347963,0,1,0,1,0,0,0.0874035988347963,0.912596401165204,0,1,0.912596401165204,0.0874035988347963
"Sno22",1,0,0,1,0,1,0,0,0,1,0,1,1,0
"Opa06",1,0,0,1,0,1,0,0,0,1,0,1,1,0
"Opa07",0.987920940821549,0.00402635305948381,0.00805270611896762,0.991947293881032,0.00805270611896762,0.987920940821549,0,0.0120790591784514,0.00402635305948381,0.995973646940516,0.00805270611896762,0.991947293881032,0.995973646940516,0.00402635305948381
"Opa08",0.995571955305591,0.00295202979627282,0.00147601489813641,0.998523985101864,0.00147601489813641,0.997047970203727,0,0.00295202979627282,0.00295202979627282,0.997047970203727,0.00147601489813641,0.998523985101864,0.997047970203727,0.00295202979627282
"Opa09",0.841065217871749,0.123787418099343,0.0351473640289073,0.964852635971093,0.0351473640289073,0.958994741448687,0,0.0410052585513129,0.123787418099343,0.876212581900657,0.0351473640289073,0.964852635971093,0.876212581900657,0.123787418099343
"Opa10",0.992529711594073,0.00747028840592655,0,1,0,1,0,0,0.00747028840592655,0.992529711594073,0,1,0.992529711594073,0.00747028840592655
"Opa11",1,0,0,1,0,1,0,0,0,1,0,1,1,0
"Opa12",0.996599602968798,0.00170019851560113,0.00170019851560113,0.998299801484399,0.00170019851560113,0.998299801484399,0,0.00170019851560113,0.00170019851560113,0.998299801484399,0.00170019851560113,0.998299801484399,0.998299801484399,0.00170019851560113
"Opa13",0.998045443325564,0.00195455667443644,0,1,0,1,0,0,0.00195455667443644,0.998045443325564,0,1,0.998045443325564,0.00195455667443644
"Opa18",0.653372722797298,0.308222550493278,0.038404726709424,0.803052683347893,0.196947316652107,0.620384047273657,0.190054160567643,0.1895617921587,0.276710979868318,0.723289020131682,0.196947316652107,0.803052683347893,0.723289020131682,0.276710979868318
"Oes06",1,0,0,1,0,1,0,0,0,1,0,1,1,0
"Oes07",0.992044011193118,0.00795598880688153,0,1,0,1,0,0,0.00795598880688153,0.992044011193118,0,1,0.992044011193118,0.00795598880688153
"Oes08",0.996224400957377,0.00377559904262258,0,1,0,0.996572812393242,0,0.00342718760675767,0.00377559904262258,0.996224400957377,0,1,0.996224400957377,0.00377559904262258
"Oes09",0.998587990330891,0.00141200966910932,0,1,0,1,0,0,0.00141200966910932,0.998587990330891,0,1,0.998587990330891,0.00141200966910932
"Oes10",0.995420769998939,0.00457923000106081,0,1,0,1,0,0,0.00457923000106081,0.995420769998939,0,1,0.995420769998939,0.00457923000106081
"Oes11",1,0,0,1,0,1,0,0,0,1,0,1,1,0
"Oes12",0.992111293574844,0.00788870642515602,0,1,0,1,0,0,0.00788870642515602,0.992111293574844,0,1,0.992111293574844,0.00788870642515602
"Oes13",0.989486547997961,0.0105134520020392,0,1,0,1,0,0,0.0105134520020392,0.989486547997961,0,1,0.989486547997961,0.0105134520020392
"Oes18",1,0,0,1,0,1,0,0,0,1,0,1,1,0
"Eif75",0.962585034013606,0.0374149659863946,0,1,0,0.996598639455782,0,0.00340136054421769,0.0374149659863946,0.962585034013606,0,1,0.962585034013606,0.0374149659863946
"Eif07",0.991998562780111,0.00800143721988927,0,1,0,1,0,0,0.00800143721988927,0.991998562780111,0,1,0.991998562780111,0.00800143721988927
"Eif08",0.976298453409337,0.0237015465906635,0,1,0,1,0,0,0.0237015465906635,0.976298453409337,0,1,0.976298453409337,0.0237015465906635
"Eif09",0.977712112866129,0.0222878871338712,0,1,0,1,0,0,0.0222878871338712,0.977712112866129,0,1,0.977712112866129,0.0222878871338712
"Eif10",0.958682300375954,0.041317699624046,0,1,0,1,0,0,0.041317699624046,0.958682300375954,0,1,0.958682300375954,0.041317699624046
"Eif11",0.905063291097733,0.0949367089022673,0,1,0,1,0,0,0.0949367089022673,0.905063291097733,0,1,0.905063291097733,0.0949367089022673
"Eif12",0.970262080042873,0.0297379199571273,0,1,0,1,0,0,0.0297379199571273,0.970262080042873,0,1,0.970262080042873,0.0297379199571273
"Eif13",0.959740174766682,0.0402598252333179,0,1,0,1,0,0,0.0402598252333179,0.959740174766682,0,1,0.959740174766682,0.0402598252333179
"Eif18",0.446725317664402,0.116324535639254,0.436950146696344,0.563049853303656,0.436950146696344,0.563049853303656,0,0.436950146696344,0.116324535639254,0.883675464360746,0.436950146696344,0.563049853303656,0.883675464360746,0.116324535639254
"Hun07",0.73762104567063,0.26237895432937,0,1,0,1,0,0,0.26237895432937,0.73762104567063,0,1,0.73762104567063,0.26237895432937
"Hun08",0.801418439869829,0.198581560130171,0,1,0,1,0,0,0.198581560130171,0.801418439869829,0,1,0.801418439869829,0.198581560130171
"Hun09",0.915621977398686,0.0843780226013141,0,1,0,0.998371090732698,0,0.00162890926730221,0.0843780226013141,0.915621977398686,0,1,0.915621977398686,0.0843780226013141
"Hun10",0.720876586024679,0.279123413975321,0,1,0,1,0,0,0.279123413975321,0.720876586024679,0,1,0.720876586024679,0.279123413975321
"Hun11",0.937679644609034,0.0623203553909663,0,1,0,1,0,0,0.0623203553909663,0.937679644609034,0,1,0.937679644609034,0.0623203553909663
"Hun12",0.987416437101165,0.0125835628988351,0,1,0,1,0,0,0.0125835628988351,0.987416437101165,0,1,0.987416437101165,0.0125835628988351
"Hun13",0.916179337323782,0.0838206626762183,0,1,0,1,0,0,0.0838206626762183,0.916179337323782,0,1,0.916179337323782,0.0838206626762183
"Hun18",0.459349593257015,0.323170730961888,0.217479675781097,0.782520324218903,0.217479675781097,0.567073170244311,0,0.432926829755689,0.323170730961888,0.676829269038112,0.217479675781097,0.782520324218903,0.676829269038112,0.323170730961888
"Sen75",0.92358803986711,0.0764119601328904,0,1,0,1,0,0,0.0764119601328904,0.92358803986711,0,1,0.92358803986711,0.0764119601328904
"Sen07",0.935177333630359,0.0423139073324352,0.0225087590372062,0.977491240962794,0.0225087590372062,0.97208401947884,0,0.0279159805211604,0.0423139073324352,0.957686092667565,0.0225087590372062,0.977491240962794,0.957686092667565,0.0423139073324352
"Sen09",0.717681159479149,0.280869565263921,0.00144927525692999,0.99855072474307,0.00144927525692999,0.99855072474307,0,0.00144927525692999,0.280869565263921,0.719130434736079,0.00144927525692999,0.99855072474307,0.719130434736079,0.280869565263921
"Sen10",0.979046887243409,0.0209531127565908,0,1,0,1,0,0,0.0209531127565908,0.979046887243409,0,1,0.979046887243409,0.0209531127565908
"Sen11",0.974883387079698,0.0251166129203024,0,1,0,1,0,0,0.0251166129203024,0.974883387079698,0,1,0.974883387079698,0.0251166129203024
"Sen12",0.991991556882538,0.00800844311746177,0,1,0,1,0,0,0.00800844311746177,0.991991556882538,0,1,0.991991556882538,0.00800844311746177
"Sen13",0.913944223123718,0.086055776876282,0,1,0,1,0,0,0.086055776876282,0.913944223123718,0,1,0.913944223123718,0.086055776876282
"Sen18",0.380402010060961,0.397989949695195,0.221608040243844,0.685427135670742,0.314572864329258,0.614572864329258,0.163819095426898,0.221608040243844,0.327135678353711,0.672864321646289,0.314572864329258,0.685427135670742,0.672864321646289,0.327135678353711
